{"name":"884a6f46-8aea-4f35-8dcd-f71579e8ccd5","id":"/providers/Microsoft.Flow/flows/884a6f46-8aea-4f35-8dcd-f71579e8ccd5","type":"Microsoft.Flow/flows","properties":{"apiId":"/providers/Microsoft.PowerApps/apis/shared_logicflows","displayName":"Add song to Spotify Playlist","definition":{"metadata":{"workflowEntityId":null,"creator":{"id":"6b7b3b2a-2c4b-4175-8582-41c9e685c1b5","type":"User","tenantId":"72f988bf-86f1-41af-91ab-2d7cd011db47"},"provisioningMethod":"FromDefinition","failureAlertSubscription":true,"clientLastModifiedTime":"2019-10-04T00:02:36.696304Z"},"$schema":"https://schema.management.azure.com/providers/Microsoft.Logic/schemas/2016-06-01/workflowdefinition.json#","contentVersion":"1.0.0.0","parameters":{"$connections":{"defaultValue":{},"type":"Object"},"$authentication":{"defaultValue":{},"type":"SecureObject"}},"triggers":{"When_a_new_channel_message_is_added":{"recurrence":{"interval":1,"frequency":"Minute"},"splitOn":"@triggerBody()","metadata":{"flowSystemMetadata":{"swaggerOperationId":"OnNewChannelMessage"}},"type":"ApiConnection","inputs":{"host":{"connection":{"name":"@parameters('$connections')['shared_teams']['connectionId']"},"api":{"runtimeUrl":"https://firstrelease-001.azure-apim.net/apim/teams"}},"method":"get","path":"/trigger/beta/teams/@{encodeURIComponent('f12241e1-7c2f-452b-b283-6e7c15cc1c36')}/channels/@{encodeURIComponent('19:85ea028aeb06492cb5578ac34aa66ffb@thread.skype')}/messages","queries":{"$top":50},"authentication":"@parameters('$authentication')"}}},"actions":{"Add_Tracks_to_a_Playlist":{"runAfter":{"Build_a_Spotify_song_URI":["Succeeded"]},"metadata":{"flowSystemMetadata":{"swaggerOperationId":"AddTracksToPlaylist"}},"type":"ApiConnection","inputs":{"host":{"connection":{"name":"@parameters('$connections')['shared_spotify.5f4c1e90cbd0f5e3a0.5fa5a6f9541d858a5e']['connectionId']"},"api":{"runtimeUrl":"https://firstrelease-001.azure-apim.net/apim/spotify.5f4c1e90cbd0f5e3a0.5fa5a6f9541d858a5e"}},"method":"post","path":"/users/@{encodeURIComponent('siddhu@gmail.com')}/playlists/@{encodeURIComponent('7JQqm8F6FpItHwWtVQo5QP')}/tracks","queries":{"uris":"@{outputs('Build_a_Spotify_song_URI')}","position":0},"authentication":"@parameters('$authentication')"}},"Parse_out_Spotify_song_URL":{"runAfter":{},"type":"Compose","inputs":"@substring(triggerBody()?['body']?['content'], indexOf(triggerBody()?['body']?['content'], 'https://open.spotify.com/track'), 53)"},"Build_a_Spotify_song_URI":{"runAfter":{"Parse_out_Spotify_song_URL":["Succeeded"]},"type":"Compose","inputs":"@replace(outputs('Parse_out_Spotify_song_URL'), 'https://open.spotify.com/track/', 'spotify:track:')"}}},"connectionReferences":{"shared_spotify.5f4c1e90cbd0f5e3a0.5fa5a6f9541d858a5e":{"connectionName":"shared-spotify.5f4c1-fedba937-953a-4dda-b0c8-8d4ebf77ba1c","source":"Embedded","id":"/providers/Microsoft.PowerApps/apis/shared_spotify.5f4c1e90cbd0f5e3a0.5fa5a6f9541d858a5e","tier":"NotSpecified"},"shared_teams":{"connectionName":"shared-teams-002ee42e-e77f-4e5d-9957-ef9934c476be","source":"Embedded","id":"/providers/Microsoft.PowerApps/apis/shared_teams","tier":"NotSpecified"}},"flowFailureAlertSubscribed":false}}